,RandForest,LogReg,RF_sd
Age,-0.0004604162848240545,0.0010274239369501513,0.002887129362463003
Gender,-0.00023972079667644586,0.012825539925464332,0.0008665036969038469
Comorbidity,-0.00013361627871457223,-0.0018126451001955022,0.0013352020067612502
CAD,-0.00036303687072337216,0.0013978876466275599,0.0011084012323970662
Hypothyroidism,-0.0002361219299853379,-0.001424101142473122,0.0008577826202999726
Hyperlipidemia,0.0031469845888318646,0.025017278378543506,0.0030928649380274537
DM,0.0003500446755865117,0.025393106977028363,0.003352561408038639
Height,-0.00038311224645650957,-0.0006744486192570842,0.0025899237933411697
Weight,0.0016922978525171083,0.0017854006292766435,0.003146147889129572
BMI,-0.0004946675678152523,-0.0006872403470185696,0.0030761729269940443
TBW,0.0017573351967253071,-0.0020402233015640275,0.0021431195304553296
ECW,0.00410423539833822,0.007551415108748775,0.006047902184065326
ICW,0.0027986486589687163,0.01996916620845553,0.004766723719181752
ECF/TBW,0.015837724523460404,0.03830900995845553,0.010494622214300364
TBFR,-0.0002821626038611959,0.009021471010508321,0.004870063671487079
LM,-0.00015487536656892052,0.004813011669110473,0.004915125542528117
Protein,0.00241319762646627,0.004242156952590429,0.005564437581329199
VFR,0.0006548123625366522,-0.000668969177663743,0.0041393977563623915
BM,0.012616347446236558,0.05301121089931574,0.008515018723064207
MM,0.002276097033846531,-0.0008930726111925601,0.0019541019746435527
Obesity%,0.004640733825146624,0.025199321847507346,0.007674921487787411
TFC,-0.00011795118523948666,0.000506666972140759,0.0025398978881460174
VFA,-0.0015668720979960947,0.01000605220552298,0.0031577901227636267
VMA,0.007163396184628546,-0.00019340328690126818,0.007696440769638656
HFA,0.0010772162145650088,0.0029974645650048953,0.0022490082558118425
Glucose,-0.0015685999358504433,-0.00017356656280546944,0.004381338593779475
TC,0.0001518492638074353,-0.00016274132453568236,0.0034494741148586557
LDL,0.0004287233473851427,0.001009572794477036,0.0033039054561315576
HDL,0.0009359726295210182,0.007335215817448682,0.005030842983912101
Triglyceride,-0.0008127711082600219,0.00013030379398827561,0.004007869507105559
AST,0.004437278531280548,0.010448531433284461,0.014783246640516489
ALT,-0.0003120417888563075,0.0016783510508308977,0.0032281268186103306
ALP,0.0026411481243890497,-0.0008324932795698903,0.005976794688213788
Creatinine,0.00036884087854349945,-0.002015422623411534,0.0037769566314305395
GFR,-0.001953888685239493,-0.0007011966947702784,0.003553712889459613
CRP,0.13120208829728738,0.04327899712854351,0.02133564688327827
HGB,0.004071912420576735,0.01620545805840666,0.006717768562691924
VitaminD,0.0272346575635386,0.07384194770283482,0.023352397968262092
