,0
CRP,-0.7442826212941771
Hyperlipidemia,-0.45102461243081987
ICW,-0.41895398484133733
DM,-0.4156315300502771
TBFR,-0.26025670668249984
HDL,-0.2563944962086188
VFA,-0.24781001242210834
ALT,-0.17891001882079174
ALP,-0.16429422879679614
HFA,-0.1640598269880964
Age,-0.14651846255273696
Weight,-0.12576044836287348
VMA,-0.10627943018091825
TC,-0.09092290914628161
Height,-0.08371326574823704
GFR,-0.07512335282192895
BMI,-0.058889846471337944
Creatinine,-0.02401309558474726
TBW,-0.015556139160952269
VFR,-0.0066146952078428006
TFC,0.05065234790178687
MM,0.1046946223235688
Glucose,0.10624584533605205
Comorbidity,0.13532659954927023
Triglyceride,0.13564249527032662
LDL,0.16234470220826366
Hypothyroidism,0.1816342922847674
Protein,0.19172238050620746
CAD,0.19448852435325503
ECW,0.20942870805154087
LM,0.20980965851173794
Gender,0.28290271780202325
HGB,0.30192047128133176
AST,0.32210589419584645
Obesity%,0.43194891797314794
ECF/TBW,0.50884210261003
BM,0.5851716504601384
VitaminD,0.6564694307528465
