feat,med_gallstone,med_none,p,auc_uni,dir,strength
CRP,0.0,1.29,1.7640354806263277e-20,0.20884110386036642,lower in gallstone,0.7911588961396336
VitaminD,25.27,17.0,1.3636000338792317e-11,0.7189440993788822,higher in gallstone,0.7189440993788822
AST,20.0,16.5,2.379096621524139e-07,0.6670532274549886,higher in gallstone,0.6670532274549886
LM,73.93,68.78999999999999,4.840835270978151e-05,0.6315748093403569,higher in gallstone,0.6315748093403569
TBFR,25.8,31.05,4.941676693898651e-05,0.36858243572607907,lower in gallstone,0.6314175642739209
BM,2.9,2.6,9.394115110627438e-05,0.6262481327148361,higher in gallstone,0.6262481327148361
TFC,20.1,24.75,0.0005822191250371235,0.38861152606336974,lower in gallstone,0.6113884739366302
HGB,14.9,14.2,0.0006265234450889545,0.6107201824042771,higher in gallstone,0.6107201824042771
ECW,17.5,16.55,0.00131256509315684,0.6040372670807453,higher in gallstone,0.6040372670807453
HDL,45.0,47.5,0.0018124956845787202,0.3990290117147574,lower in gallstone,0.6009709882852425
Hyperlipidemia,0.0,0.0,0.003915820133758606,0.47468354430379744,lower in gallstone,0.5253164556962026
VFA,10.6,12.485,0.005228238491184242,0.4095644311659722,lower in gallstone,0.5904355688340278
Gender,0.0,1.0,0.006213484461748389,0.4232644075792122,lower in gallstone,0.5767355924207878
Creatinine,0.82,0.745,0.016870894623189487,0.577364572686532,higher in gallstone,0.577364572686532
ECF/TBW,42.0,42.0,0.017979450068050958,0.5763424797546978,higher in gallstone,0.5763424797546978
BMI,27.7,29.15,0.03081330748877434,0.430065256702571,lower in gallstone,0.569934743297429
Height,170.0,165.0,0.030989656177177874,0.5698168094976022,higher in gallstone,0.5698168094976022
ALP,69.0,73.0,0.0417015345978825,0.43405535026338543,lower in gallstone,0.5659446497366145
TBW,41.6,38.25,0.06108655372066667,0.5606572843777027,higher in gallstone,0.5606572843777027
DM,0.0,0.0,0.062062077060841554,0.46424640301910525,lower in gallstone,0.5357535969808948
Protein,16.13,15.61,0.06261421816660187,0.5603034829782215,higher in gallstone,0.5603034829782215
CAD,0.0,0.0,0.0840086503071131,0.5184566396729303,higher in gallstone,0.5184566396729303
HFA,1.0,2.0,0.09577265156713033,0.449524333674031,lower in gallstone,0.550475666325969
MM,55.2,52.25,0.12440601509778114,0.5497680635270069,higher in gallstone,0.5497680635270069
LDL,125.0,119.0,0.15139554664714713,0.54646591713185,higher in gallstone,0.54646591713185
ALT,21.0,18.0,0.2047994643897647,0.5410409623398066,higher in gallstone,0.5410409623398066
VMA,30.8,29.90675676,0.22840359310726754,0.5390164321094426,higher in gallstone,0.5390164321094426
Glucose,99.0,97.0,0.2642649403176385,0.5361467096469849,higher in gallstone,0.5361467096469849
Hypothyroidism,0.0,0.0,0.326014664356415,0.5091398694865948,higher in gallstone,0.5091398694865948
Weight,78.0,79.85,0.36185349905893316,0.4704575831433288,lower in gallstone,0.5295424168566711
ICW,23.6,22.55,0.4417431085558001,0.5249233430301125,higher in gallstone,0.5249233430301125
Age,49.0,50.0,0.4473568950440825,0.4753911471027596,lower in gallstone,0.5246088528972404
GFR,104.72,102.9,0.6341087366955455,0.5154296721440366,higher in gallstone,0.5154296721440366
Comorbidity,0.0,0.0,0.6360729135687764,0.5124223602484472,higher in gallstone,0.5124223602484472
Triglyceride,119.0,118.5,0.7600846786465956,0.5099064391854706,higher in gallstone,0.5099064391854706
TC,199.0,198.0,0.864062519808781,0.505562544225175,higher in gallstone,0.505562544225175
Obesity%,25.8,25.165,0.9554601785620013,0.501827973897319,higher in gallstone,0.501827973897319
VFR,9.0,9.0,0.9927124003465237,0.500314490132872,higher in gallstone,0.500314490132872
